ISO2;country_name;ISO3;UN_M49
NA;Namibia;NAM;516
AD;Andorra;AND;20
AE;United Arab Emirates;ARE;784
AF;Afghanistan;AFG;4
AG;Antigua and Barbuda;ATG;28
AI;Anguilla;AIA;660
AL;Albania;ALB;8
AM;Armenia;ARM;51
AN;Netherlands Antilles;ANT;530
AO;Angola;AGO;24
AQ;Antarctica;ATA;10
AR;Argentina;ARG;32
AS;American Samoa;ASM;16
AT;Austria;AUT;40
AU;Australia;AUS;36
AW;Aruba;ABW;533
AX;Aland Islands;ALA;248
AZ;Azerbaijan;AZE;31
BA;Bosnia and Herzegovina;BIH;70
BB;Barbados;BRB;52
BD;Bangladesh;BGD;50
BE;Belgium;BEL;56
BF;Burkina Faso;BFA;854
BG;Bulgaria;BGR;100
BH;Bahrain;BHR;48
BI;Burundi;BDI;108
BJ;Benin;BEN;204
BL;Saint-Barth?lemy;BLM;652
BM;Bermuda;BMU;60
BN;Brunei Darussalam;BRN;96
BO;Bolivia;BOL;68
BR;Brazil;BRA;76
BS;Bahamas, The;BHS;44
BT;Bhutan;BTN;64
BV;Bouvet Island;BVT;74
BW;Botswana;BWA;72
BY;Belarus;BLR;112
BZ;Belize;BLZ;84
CA;Canada;CAN;124
CC;Cocos (Keeling) Islands;CCK;166
CD;Congo, Dem. Rep.;COD;180
CF;Central African Republic;CAF;140
CG;Congo, Rep.;COG;178
CH;Switzerland;CHE;756
CI;Cote d'Ivoire;CIV;384
CK;Cook Islands ;COK;184
CL;Chile;CHL;152
CM;Cameroon;CMR;120
CN;China;CHN;156
CO;Colombia;COL;170
CR;Costa Rica;CRI;188
CU;Cuba;CUB;192
CV;Cabo Verde;CPV;132
CX;Christmas Island;CXR;162
CY;Cyprus;CYP;196
CZ;Czech Republic;CZE;203
DE;Germany;DEU;276
DJ;Djibouti;DJI;262
DK;Denmark;DNK;208
DM;Dominica;DMA;212
DO;Dominican Republic;DOM;214
DZ;Algeria;DZA;12
EC;Ecuador;ECU;218
EE;Estonia;EST;233
EG;Egypt, Arab Rep.;EGY;818
EH;Western Sahara;ESH;732
ER;Eritrea;ERI;232
ES;Spain;ESP;724
ET;Ethiopia;ETH;231
FI;Finland;FIN;246
FJ;Fiji;FJI;242
FK;Falkland Islands (Malvinas) ;FLK;238
FM;Micronesia, Fed. Sts.;FSM;583
FO;Faroe Islands;FRO;234
FR;France;FRA;250
GA;Gabon;GAB;266
GB;United Kingdom;GBR;826
GD;Grenada;GRD;308
GE;Georgia;GEO;268
GF;French Guiana;GUF;254
GG;Guernsey;GGY;831
GH;Ghana;GHA;288
GI;Gibraltar;GIB;292
GL;Greenland;GRL;304
GM;Gambia, The;GMB;270
GN;Guinea;GIN;324
GP;Guadeloupe;GLP;312
GQ;Equatorial Guinea;GNQ;226
GR;Greece;GRC;300
GS;South Georgia and the South Sandwich Islands;SGS;239
GT;Guatemala;GTM;320
GU;Guam;GUM;316
GW;Guinea-Bissau;GNB;624
GY;Guyana;GUY;328
HK;Hong Kong SAR, China;HKG;344
HM;Heard and Mcdonald Islands;HMD;334
HN;Honduras;HND;340
HR;Croatia;HRV;191
HT;Haiti;HTI;332
HU;Hungary;HUN;348
ID;Indonesia;IDN;360
IE;Ireland;IRL;372
IL;Israel;ISR;376
IM;Isle of Man;IMN;833
IN;India;IND;356
IO;British Indian Ocean Territory;IOT;86
IQ;Iraq;IRQ;368
IR;Iran, Islamic Rep.;IRN;364
IS;Iceland;ISL;352
IT;Italy;ITA;380
JE;Jersey;JEY;832
JM;Jamaica;JAM;388
JO;Jordan;JOR;400
JP;Japan;JPN;392
KE;Kenya;KEN;404
KG;Kyrgyz Republic;KGZ;417
KH;Cambodia;KHM;116
KI;Kiribati;KIR;296
KM;Comoros;COM;174
KN;St. Kitts and Nevis;KNA;659
KP;Korea, Dem. People’s Rep.;PRK;408
KR;Korea, Rep.;KOR;410
KW;Kuwait;KWT;414
KY;Cayman Islands;CYM;136
KZ;Kazakhstan;KAZ;398
LA;Lao PDR;LAO;418
LB;Lebanon;LBN;422
LC;St. Lucia;LCA;662
LI;Liechtenstein;LIE;438
LK;Sri Lanka;LKA;144
LR;Liberia;LBR;430
LS;Lesotho;LSO;426
LT;Lithuania;LTU;440
LU;Luxembourg;LUX;442
LV;Latvia;LVA;428
LY;Libya;LBY;434
MA;Morocco;MAR;504
MC;Monaco;MCO;492
MD;Moldova;MDA;498
ME;Montenegro;MNE;499
MF;St. Martin (French part);MAF;663
MG;Madagascar;MDG;450
MH;Marshall Islands;MHL;584
MK;North Macedonia;MKD;807
ML;Mali;MLI;466
MM;Myanmar;MMR;104
MN;Mongolia;MNG;496
MO;Macao SAR, China;MAC;446
MP;Northern Mariana Islands;MNP;580
MQ;Martinique;MTQ;474
MR;Mauritania;MRT;478
MS;Montserrat;MSR;500
MT;Malta;MLT;470
MU;Mauritius;MUS;480
MV;Maldives;MDV;462
MW;Malawi;MWI;454
MX;Mexico;MEX;484
MY;Malaysia;MYS;458
MZ;Mozambique;MOZ;508
NC;New Caledonia;NCL;540
NE;Niger;NER;562
NF;Norfolk Island;NFK;574
NG;Nigeria;NGA;566
NI;Nicaragua;NIC;558
NL;Netherlands;NLD;528
NO;Norway;NOR;578
NP;Nepal;NPL;524
NR;Nauru;NRU;520
NU;Niue ;NIU;570
NZ;New Zealand;NZL;554
OM;Oman;OMN;512
PA;Panama;PAN;591
PE;Peru;PER;604
PF;French Polynesia;PYF;258
PG;Papua New Guinea;PNG;598
PH;Philippines;PHL;608
PK;Pakistan;PAK;586
PL;Poland;POL;616
PM;Saint Pierre and Miquelon ;SPM;666
PN;Pitcairn;PCN;612
PR;Puerto Rico;PRI;630
PS;West Bank and Gaza;PSE;275
PT;Portugal;PRT;620
PW;Palau;PLW;585
PY;Paraguay;PRY;600
QA;Qatar;QAT;634
RE;R?union;REU;638
RO;Romania;ROU;642
RS;Serbia;SRB;688
RU;Russian Federation;RUS;643
RW;Rwanda;RWA;646
SA;Saudi Arabia;SAU;682
SB;Solomon Islands;SLB;90
SC;Seychelles;SYC;690
SD;Sudan;SDN;736
SE;Sweden;SWE;752
SG;Singapore;SGP;702
SH;Saint Helena;SHN;654
SI;Slovenia;SVN;705
SJ;Svalbard and Jan Mayen Islands ;SJM;744
SK;Slovak Republic;SVK;703
SL;Sierra Leone;SLE;694
SM;San Marino;SMR;674
SN;Senegal;SEN;686
SO;Somalia;SOM;706
SR;Suriname;SUR;740
SS;South Sudan;SSD;728
ST;Sao Tome and Principe;STP;678
SV;El Salvador;SLV;222
SY;Syrian Arab Republic;SYR;760
SZ;Eswatini;SWZ;748
TC;Turks and Caicos Islands;TCA;796
TD;Chad;TCD;148
TF;French Southern Territories;ATF;260
TG;Togo;TGO;768
TH;Thailand;THA;764
TJ;Tajikistan;TJK;762
TK;Tokelau ;TKL;772
TL;Timor-Leste;TLS;626
TM;Turkmenistan;TKM;795
TN;Tunisia;TUN;788
TO;Tonga;TON;776
TR;Turkey;TUR;792
TT;Trinidad and Tobago;TTO;780
TV;Tuvalu;TUV;798
TW;Taiwan, Republic of China;TWN;158
TZ;Tanzania;TZA;834
UA;Ukraine;UKR;804
UG;Uganda;UGA;800
UM;US Minor Outlying Islands;UMI;581
US;United States;USA;840
UY;Uruguay;URY;858
UZ;Uzbekistan;UZB;860
VA;Holy See (Vatican City State);VAT;336
VC;St. Vincent and the Grenadines;VCT;670
VE;Venezuela, RB;VEN;862
VG;British Virgin Islands;VGB;92
VI;Virgin Islands (U.S.);VIR;850
VN;Vietnam;VNM;704
VU;Vanuatu;VUT;548
WF;Wallis and Futuna Islands ;WLF;876
WS;Samoa;WSM;882
YE;Yemen, Rep.;YEM;887
YT;Mayotte;MYT;175
ZA;South Africa;ZAF;710
ZM;Zambia;ZMB;894
ZW;Zimbabwe;ZWE;716
